zipcode,city,zip_median_income
27706,"Durham, North Carolina",127873
27614,"Raleigh, North Carolina",106022
28277,"Charlotte, North Carolina",86713
28207,"Charlotte, North Carolina",84232
28270,"Charlotte, North Carolina",76795
28031,"Cornelius, North Carolina",75161
27513,"Cary, North Carolina",72436
27502,"Apex, North Carolina",71885
28278,"Charlotte, North Carolina",71420
27615,"Raleigh, North Carolina",71166
27613,"Raleigh, North Carolina",71066
27310,"Oak Ridge, North Carolina",70699
28078,"Huntersville, North Carolina",70400
28036,"Davidson, North Carolina",70215
28226,"Charlotte, North Carolina",68636
27511,"Cary, North Carolina",68382
27282,"Jamestown, North Carolina",66956
28117,"Mooresville, North Carolina",65926
28104,"Matthews, North Carolina",65768
27712,"Durham, North Carolina",65400
27540,"Holly Springs, North Carolina",65375
28105,"Matthews, North Carolina",65111
28075,"Harrisburg, North Carolina",63609
28211,"Charlotte, North Carolina",62371
27560,"Morrisville, North Carolina",62056
28269,"Charlotte, North Carolina",61899
27358,"Summerfield, North Carolina",61538
28668,"Roaring Gap, North Carolina",61154
27927,"Corolla, North Carolina",60893
27012,"Clemmons, North Carolina",60765
27410,"Greensboro, North Carolina",60353
27023,"Lewisville, North Carolina",59579
28173,"Waxhaw, North Carolina",59337
28409,"Wilmington, North Carolina",59100
27040,"Pfafftown, North Carolina",58463
28745,"Lake Junaluska, North Carolina",58015
27562,"New Hill, North Carolina",57900
28374,"Pinehurst, North Carolina",57821
27713,"Durham, North Carolina",57755
28682,"Terrell, North Carolina",57212
27587,"Wake Forest, North Carolina",56832
27612,"Raleigh, North Carolina",56800
28273,"Charlotte, North Carolina",56437
27235,"Colfax, North Carolina",56071
28480,"Wrightsville Beach, North Carolina",55417
27503,"Bahama, North Carolina",55272
28079,"Indian Trail, North Carolina",54870
28774,"Sapphire, North Carolina",54250
27896,"Wilson, North Carolina",54150
27455,"Greensboro, North Carolina",54101
27265,"High Point, North Carolina",54051
27408,"Greensboro, North Carolina",53848
27607,"Raleigh, North Carolina",53438
27608,"Raleigh, North Carolina",53267
27949,"Kitty Hawk, North Carolina",53217
28594,"Emerald Isle, North Carolina",53125
27959,"Nags Head, North Carolina",53065
28589,"Williston, North Carolina",52697
27516,"Chapel Hill, North Carolina",52618
27104,"Winston Salem, North Carolina",52494
27520,"Clayton, North Carolina",52493
28411,"Wilmington, North Carolina",52332
28037,"Denver, North Carolina",52304
28210,"Charlotte, North Carolina",52286
27545,"Knightdale, North Carolina",51558
27006,"Advance, North Carolina",51467
28056,"Gastonia, North Carolina",51348
27616,"Raleigh, North Carolina",51334
28227,"Charlotte, North Carolina",51189
27572,"Rougemont, North Carolina",51136
28125,"Mount Ulla, North Carolina",50967
28660,"Olin, North Carolina",50887
27609,"Raleigh, North Carolina",50880
27529,"Garner, North Carolina",50701
28262,"Charlotte, North Carolina",50538
28027,"Concord, North Carolina",50424
27009,"Belews Creek, North Carolina",50345
28124,"Mount Pleasant, North Carolina",50337
27526,"Fuquay Varina, North Carolina",50234
27596,"Youngsville, North Carolina",50122
27929,"Currituck, North Carolina",49917
27284,"Kernersville, North Carolina",49711
27313,"Pleasant Garden, North Carolina",49569
28214,"Charlotte, North Carolina",49534
28765,"Penland, North Carolina",49531
27231,"Cedar Grove, North Carolina",49028
27283,"Julian, North Carolina",48785
28605,"Blowing Rock, North Carolina",48750
28107,"Midland, North Carolina",48701
27571,"Rolesville, North Carolina",48472
28520,"Cedar Island, North Carolina",47969
27357,"Stokesdale, North Carolina",47758
27312,"Pittsboro, North Carolina",47611
27604,"Raleigh, North Carolina",47421
28134,"Pineville, North Carolina",47091
27514,"Chapel Hill, North Carolina",47082
28742,"Horse Shoe, North Carolina",46943
28215,"Charlotte, North Carolina",46729
28468,"Sunset Beach, North Carolina",46705
27592,"Willow Spring, North Carolina",46641
27278,"Hillsborough, North Carolina",46629
27301,"Mc Leansville, North Carolina",46585
28017,"Boiling Springs, North Carolina",46528
27583,"Timberlake, North Carolina",46427
27958,"Moyock, North Carolina",46182
28209,"Charlotte, North Carolina",46175
27249,"Gibsonville, North Carolina",45866
28784,"Tuxedo, North Carolina",45833
28524,"Davis, North Carolina",45833
27377,"Whitsett, North Carolina",45556
28527,"Ernul, North Carolina",45536
27581,"Stem, North Carolina",45505
28110,"Monroe, North Carolina",45402
27591,"Wendell, North Carolina",45187
28579,"Smyrna, North Carolina",45125
28112,"Monroe, North Carolina",45122
28097,"Locust, North Carolina",45069
28673,"Sherrills Ford, North Carolina",45045
27050,"Tobaccoville, North Carolina",45038
28166,"Troutman, North Carolina",45000
28449,"Kure Beach, North Carolina",44766
28120,"Mount Holly, North Carolina",44573
28443,"Hampstead, North Carolina",44542
28707,"Balsam, North Carolina",44531
27370,"Trinity, North Carolina",44446
28405,"Wilmington, North Carolina",44336
27376,"West End, North Carolina",44206
27051,"Walkertown, North Carolina",44022
28646,"Linville, North Carolina",44000
28512,"Atlantic Beach, North Carolina",43984
28629,"Glendale Springs, North Carolina",43958
27106,"Winston Salem, North Carolina",43890
27021,"King, North Carolina",43856
28749,"Little Switzerland, North Carolina",43750
27407,"Greensboro, North Carolina",43710
28109,"Misenheimer, North Carolina",43438
28465,"Oak Island, North Carolina",43427
27214,"Browns Summit, North Carolina",43281
28006,"Alexis, North Carolina",42885
28732,"Fletcher, North Carolina",42816
28562,"New Bern, North Carolina",42808
28391,"Stedman, North Carolina",42755
28704,"Arden, North Carolina",42689
28766,"Penrose, North Carolina",42642
27842,"Henrico, North Carolina",42625
28133,"Peachland, North Carolina",42596
27127,"Winston Salem, North Carolina",42594
27233,"Climax, North Carolina",42526
28547,"Camp Lejeune, North Carolina",42515
28625,"Statesville, North Carolina",42484
28129,"Oakboro, North Carolina",42480
28768,"Pisgah Forest, North Carolina",42449
27541,"Hurdle Mills, North Carolina",42283
28590,"Winterville, North Carolina",42281
28103,"Marshville, North Carolina",42272
28804,"Asheville, North Carolina",42263
28649,"Mc Grady, North Carolina",42250
28012,"Belmont, North Carolina",42212
28174,"Wingate, North Carolina",42198
27045,"Rural Hall, North Carolina",42177
28025,"Concord, North Carolina",42157
27916,"Aydlett, North Carolina",42143
28773,"Saluda, North Carolina",42115
28609,"Catawba, North Carolina",42101
28601,"Hickory, North Carolina",42046
27938,"Gatesville, North Carolina",42019
27603,"Raleigh, North Carolina",41979
28610,"Claremont, North Carolina",41936
28791,"Hendersonville, North Carolina",41928
28731,"Flat Rock, North Carolina",41900
27103,"Winston Salem, North Carolina",41888
28412,"Wilmington, North Carolina",41877
27207,"Bear Creek, North Carolina",41867
27215,"Burlington, North Carolina",41858
28146,"Salisbury, North Carolina",41776
28314,"Fayetteville, North Carolina",41775
28730,"Fairview, North Carolina",41763
28717,"Cashiers, North Carolina",41696
27707,"Durham, North Carolina",41695
28741,"Highlands, North Carolina",41680
27597,"Zebulon, North Carolina",41646
27244,"Elon, North Carolina",41515
28164,"Stanley, North Carolina",41447
27703,"Durham, North Carolina",41435
28348,"Hope Mills, North Carolina",41341
28213,"Charlotte, North Carolina",41340
28671,"Rutherford College, North Carolina",41339
28650,"Maiden, North Carolina",41298
28387,"Southern Pines, North Carolina",41250
28080,"Iron Station, North Carolina",41238
27302,"Mebane, North Carolina",41171
28311,"Fayetteville, North Carolina",41128
28718,"Cedar Mountain, North Carolina",41094
27298,"Liberty, North Carolina",41006
27948,"Kill Devil Hills, North Carolina",40968
27605,"Raleigh, North Carolina",40963
27349,"Snow Camp, North Carolina",40902
28803,"Asheville, North Carolina",40880
27019,"Germanton, North Carolina",40846
27256,"Gulf, North Carolina",40833
27968,"Rodanthe, North Carolina",40833
28147,"Salisbury, North Carolina",40819
27606,"Raleigh, North Carolina",40754
27880,"Sims, North Carolina",40741
28216,"Charlotte, North Carolina",40740
27295,"Lexington, North Carolina",40739
28613,"Conover, North Carolina",40722
28429,"Castle Hayne, North Carolina",40683
27509,"Butner, North Carolina",40640
27243,"Efland, North Carolina",40625
27501,"Angier, North Carolina",40622
28722,"Columbus, North Carolina",40602
28304,"Fayetteville, North Carolina",40546
27409,"Greensboro, North Carolina",40483
28168,"Vale, North Carolina",40467
27350,"Sophia, North Carolina",40443
27804,"Rocky Mount, North Carolina",40376
28678,"Stony Point, North Carolina",40354
28115,"Mooresville, North Carolina",40322
28038,"Earl, North Carolina",40313
27921,"Camden, North Carolina",40238
28739,"Hendersonville, North Carolina",40226
28138,"Rockwell, North Carolina",40225
27355,"Staley, North Carolina",40217
27920,"Buxton, North Carolina",40205
28461,"Southport, North Carolina",40129
28787,"Weaverville, North Carolina",40069
27212,"Blanch, North Carolina",40063
27544,"Kittrell, North Carolina",40056
28071,"Gold Hill, North Carolina",39926
27330,"Sanford, North Carolina",39847
28032,"Cramerton, North Carolina",39800
27258,"Haw River, North Carolina",39769
28630,"Granite Falls, North Carolina",39763
27522,"Creedmoor, North Carolina",39736
28033,"Crouse, North Carolina",39697
28697,"Wilkesboro, North Carolina",39635
27981,"Wanchese, North Carolina",39625
27342,"Sedalia, North Carolina",39583
27974,"Shiloh, North Carolina",39531
27341,"Seagrove, North Carolina",39521
27041,"Pilot Mountain, North Carolina",39506
27943,"Hatteras, North Carolina",39479
27837,"Grimesland, North Carolina",39403
27814,"Blounts Creek, North Carolina",39402
27964,"Point Harbor, North Carolina",39400
28805,"Asheville, North Carolina",39378
28654,"Moravian Falls, North Carolina",39375
27976,"South Mills, North Carolina",39345
28504,"Kinston, North Carolina",39334
28584,"Swansboro, North Carolina",39306
27043,"Pinnacle, North Carolina",39252
28127,"New London, North Carolina",39214
27013,"Cleveland, North Carolina",39175
28747,"Lake Toxaway, North Carolina",39152
28327,"Carthage, North Carolina",39152
28303,"Fayetteville, North Carolina",39150
27018,"East Bend, North Carolina",39134
27534,"Goldsboro, North Carolina",39129
28092,"Lincolnton, North Carolina",39115
28651,"Millers Creek, North Carolina",39091
27007,"Ararat, North Carolina",39085
28681,"Taylorsville, North Carolina",39018
28371,"Parkton, North Carolina",38994
27950,"Knotts Island, North Carolina",38958
28396,"Wagram, North Carolina",38945
28203,"Charlotte, North Carolina",38918
27253,"Graham, North Carolina",38848
27311,"Pelham, North Carolina",38832
28356,"Linden, North Carolina",38773
28217,"Charlotte, North Carolina",38757
28710,"Bat Cave, North Carolina",38750
28363,"Marston, North Carolina",38750
27054,"Woodleaf, North Carolina",38725
28658,"Newton, North Carolina",38620
28054,"Gastonia, North Carolina",38575
28571,"Oriental, North Carolina",38566
28034,"Dallas, North Carolina",38542
27856,"Nashville, North Carolina",38521
27524,"Four Oaks, North Carolina",38518
27055,"Yadkinville, North Carolina",38511
28575,"Salter Path, North Carolina",38500
27705,"Durham, North Carolina",38470
28570,"Newport, North Carolina",38412
28510,"Arapahoe, North Carolina",38382
27935,"Eure, North Carolina",38375
27926,"Corapeake, North Carolina",38361
28385,"Salemburg, North Carolina",38355
27973,"Shawboro, North Carolina",38269
28676,"State Road, North Carolina",38190
28529,"Grantsboro, North Carolina",38155
27525,"Franklinton, North Carolina",38131
27239,"Denton, North Carolina",38125
27208,"Bennett, North Carolina",38125
27972,"Salvo, North Carolina",38125
28683,"Thurmond, North Carolina",38023
27299,"Linwood, North Carolina",38023
28023,"China Grove, North Carolina",38009
28712,"Brevard, North Carolina",37978
27966,"Powells Point, North Carolina",37973
27406,"Greensboro, North Carolina",37903
27954,"Manteo, North Carolina",37893
28701,"Alexander, North Carolina",37846
27263,"High Point, North Carolina",37832
28394,"Vass, North Carolina",37825
28692,"Vilas, North Carolina",37790
28163,"Stanfield, North Carolina",37720
27048,"Stoneville, North Carolina",37712
27808,"Bath, North Carolina",37670
28638,"Hudson, North Carolina",37665
28469,"Ocean Isle Beach, North Carolina",37635
28557,"Morehead City, North Carolina",37615
27704,"Durham, North Carolina",37604
28021,"Cherryville, North Carolina",37565
28086,"Kings Mountain, North Carolina",37560
28546,"Jacksonville, North Carolina",37546
27505,"Broadway, North Carolina",37532
27610,"Raleigh, North Carolina",37505
27052,"Walnut Cove, North Carolina",37423
28612,"Connellys Springs, North Carolina",37354
27281,"Jackson Springs, North Carolina",37318
28373,"Pinebluff, North Carolina",37303
28428,"Carolina Beach, North Carolina",37284
27020,"Hamptonville, North Carolina",37241
28450,"Lake Waccamaw, North Carolina",37228
27326,"Ruffin, North Carolina",37208
27565,"Oxford, North Carolina",37156
28212,"Charlotte, North Carolina",37151
28711,"Black Mountain, North Carolina",37068
28128,"Norwood, North Carolina",37026
27923,"Coinjock, North Carolina",37019
28736,"Glenville, North Carolina",37000
27956,"Maple, North Carolina",36923
28751,"Maggie Valley, North Carolina",36898
27042,"Pine Hall, North Carolina",36875
28467,"Calabash, North Carolina",36856
28721,"Clyde, North Carolina",36789
27203,"Asheboro, North Carolina",36783
28782,"Tryon, North Carolina",36777
27028,"Mocksville, North Carolina",36754
27936,"Frisco, North Carolina",36731
27315,"Providence, North Carolina",36731
27047,"Siloam, North Carolina",36719
28602,"Hickory, North Carolina",36715
28735,"Gerton, North Carolina",36667
28152,"Shelby, North Carolina",36644
28326,"Cameron, North Carolina",36631
28556,"Merritt, North Carolina",36618
27022,"Lawsonville, North Carolina",36583
28081,"Kannapolis, North Carolina",36573
27317,"Randleman, North Carolina",36571
27025,"Madison, North Carolina",36512
28101,"Mc Adenville, North Carolina",36447
28460,"Sneads Ferry, North Carolina",36434
27403,"Greensboro, North Carolina",36427
28306,"Fayetteville, North Carolina",36411
27316,"Ramseur, North Carolina",36334
28445,"Holly Ridge, North Carolina",36311
27546,"Lillington, North Carolina",36290
27107,"Winston Salem, North Carolina",36279
28362,"Marietta, North Carolina",36250
28392,"Tar Heel, North Carolina",36250
27291,"Leasburg, North Carolina",36216
27262,"High Point, North Carolina",36208
28088,"Landis, North Carolina",36184
27851,"Lucama, North Carolina",36090
28655,"Morganton, North Carolina",36089
28577,"Sealevel, North Carolina",36071
27360,"Thomasville, North Carolina",35939
28139,"Rutherfordton, North Carolina",35915
28582,"Stella, North Carolina",35864
27863,"Pikeville, North Carolina",35811
28715,"Candler, North Carolina",35762
28016,"Bessemer City, North Carolina",35695
27549,"Louisburg, North Carolina",35666
27344,"Siler City, North Carolina",35596
27865,"Pinetown, North Carolina",35588
28366,"Newton Grove, North Carolina",35558
28073,"Grover, North Carolina",35519
28685,"Traphill, North Carolina",35513
28539,"Hubert, North Carolina",35501
27884,"Stokes, North Carolina",35461
27569,"Princeton, North Carolina",35424
27803,"Rocky Mount, North Carolina",35398
28665,"Purlear, North Carolina",35380
27573,"Roxboro, North Carolina",35374
28137,"Richfield, North Carolina",35313
28089,"Lattimore, North Carolina",35313
28421,"Atkinson, North Carolina",35294
27965,"Poplar Branch, North Carolina",35278
28305,"Fayetteville, North Carolina",35255
28573,"Pollocksville, North Carolina",35243
27858,"Greenville, North Carolina",35227
28422,"Bolivia, North Carolina",35224
28357,"Lumber Bridge, North Carolina",35151
27850,"Littleton, North Carolina",35108
28748,"Leicester, North Carolina",35086
28634,"Harmony, North Carolina",35044
27582,"Stovall, North Carolina",35000
28636,"Hiddenite, North Carolina",34913
28083,"Kannapolis, North Carolina",34911
28729,"Etowah, North Carolina",34896
27504,"Benson, North Carolina",34816
28451,"Leland, North Carolina",34770
27891,"Whitakers, North Carolina",34750
27248,"Franklinville, North Carolina",34750
27886,"Tarboro, North Carolina",34749
28763,"Otto, North Carolina",34688
27559,"Moncure, North Carolina",34659
28318,"Autryville, North Carolina",34651
28532,"Havelock, North Carolina",34626
27882,"Spring Hope, North Carolina",34610
28098,"Lowell, North Carolina",34602
28604,"Banner Elk, North Carolina",34590
28754,"Mars Hill, North Carolina",34545
27343,"Semora, North Carolina",34531
28689,"Union Grove, North Carolina",34526
27508,"Bunn, North Carolina",34464
27314,"Prospect Hill, North Carolina",34464
28663,"Piney Creek, North Carolina",34405
27011,"Boonville, North Carolina",34375
28323,"Bunnlevel, North Carolina",34375
27807,"Bailey, North Carolina",34375
27819,"Conetoe, North Carolina",34375
27320,"Reidsville, North Carolina",34345
27960,"Ocracoke, North Carolina",34315
28530,"Grifton, North Carolina",34304
28159,"Spencer, North Carolina",34244
28205,"Charlotte, North Carolina",34240
27292,"Lexington, North Carolina",34237
28516,"Beaufort, North Carolina",34093
28538,"Hookerton, North Carolina",34024
27915,"Avon, North Carolina",33929
28001,"Albemarle, North Carolina",33914
27822,"Elm City, North Carolina",33908
27877,"Severn, North Carolina",33906
28762,"Old Fort, North Carolina",33889
27888,"Walstonburg, North Carolina",33826
28020,"Casar, North Carolina",33824
28376,"Raeford, North Carolina",33801
28464,"Teachey, North Carolina",33796
28757,"Montreat, North Carolina",33750
28790,"Zirconia, North Carolina",33720
27557,"Middlesex, North Carolina",33668
28778,"Swannanoa, North Carolina",33516
28626,"Fleetwood, North Carolina",33500
27852,"Macclesfield, North Carolina",33500
28621,"Elkin, North Carolina",33483
28090,"Lawndale, North Carolina",33479
28666,"Icard, North Carolina",33469
28315,"Aberdeen, North Carolina",33461
27953,"Manns Harbor, North Carolina",33456
28902,"Brasstown, North Carolina",33438
28606,"Boomer, North Carolina",33387
27937,"Gates, North Carolina",33347
28806,"Asheville, North Carolina",33331
28789,"Whittier, North Carolina",33326
27371,"Troy, North Carolina",33250
27577,"Smithfield, North Carolina",33188
28645,"Lenoir, North Carolina",33181
28551,"La Grange, North Carolina",33137
28618,"Deep Gap, North Carolina",33135
28909,"Warne, North Carolina",33125
28531,"Harkers Island, North Carolina",33125
27507,"Bullock, North Carolina",33094
28479,"Winnabow, North Carolina",33092
28777,"Spruce Pine, North Carolina",33055
27919,"Belvidere, North Carolina",33040
28637,"Hildebran, North Carolina",33029
28204,"Charlotte, North Carolina",33006
28716,"Canton, North Carolina",32961
28690,"Valdese, North Carolina",32923
28072,"Granite Quarry, North Carolina",32917
27576,"Selma, North Carolina",32898
27209,"Biscoe, North Carolina",32885
28786,"Waynesville, North Carolina",32836
28792,"Hendersonville, North Carolina",32820
27016,"Danbury, North Carolina",32813
27217,"Burlington, North Carolina",32785
28470,"Shallotte, North Carolina",32781
28347,"Hoffman, North Carolina",32772
27053,"Westfield, North Carolina",32768
27846,"Jamesville, North Carolina",32750
28677,"Statesville, North Carolina",32611
28369,"Orrum, North Carolina",32610
28540,"Jacksonville, North Carolina",32602
27979,"Sunbury, North Carolina",32596
28423,"Bolton, North Carolina",32594
27229,"Candor, North Carolina",32534
27970,"Roper, North Carolina",32522
28572,"Pink Hill, North Carolina",32500
27830,"Fremont, North Carolina",32500
27817,"Chocowinity, North Carolina",32483
28578,"Seven Springs, North Carolina",32440
27864,"Pinetops, North Carolina",32413
27024,"Lowgap, North Carolina",32404
28455,"Nakina, North Carolina",32400
27542,"Kenly, North Carolina",32386
28114,"Mooresboro, North Carolina",32318
27828,"Farmville, North Carolina",32306
28457,"Rocky Point, North Carolina",32297
28040,"Ellenboro, North Carolina",32292
28761,"Nebo, North Carolina",32289
28746,"Lake Lure, North Carolina",32269
28202,"Charlotte, North Carolina",32230
27017,"Dobson, North Carolina",32215
28513,"Ayden, North Carolina",32192
28144,"Salisbury, North Carolina",32188
28436,"Delco, North Carolina",32188
28560,"New Bern, North Carolina",32181
28752,"Marion, North Carolina",32162
27928,"Creswell, North Carolina",32148
27325,"Robbins, North Carolina",32139
28150,"Shelby, North Carolina",32139
27306,"Mount Gilead, North Carolina",32121
28779,"Sylva, North Carolina",32046
27947,"Jarvisburg, North Carolina",32031
28725,"Dillsboro, North Carolina",32000
28521,"Chinquapin, North Carolina",31987
27046,"Sandy Ridge, North Carolina",31982
27252,"Goldston, North Carolina",31971
28553,"Marshallberg, North Carolina",31944
28349,"Kenansville, North Carolina",31825
27405,"Greensboro, North Carolina",31791
28339,"Erwin, North Carolina",31765
27379,"Yanceyville, North Carolina",31703
27860,"Pantego, North Carolina",31688
27030,"Mount Airy, North Carolina",31649
28334,"Dunn, North Carolina",31647
28333,"Dudley, North Carolina",31647
28135,"Polkton, North Carolina",31641
27551,"Macon, North Carolina",31629
28528,"Gloucester, North Carolina",31613
28344,"Godwin, North Carolina",31613
27883,"Stantonsburg, North Carolina",31575
27530,"Goldsboro, North Carolina",31535
28670,"Ronda, North Carolina",31528
28574,"Richlands, North Carolina",31523
27521,"Coats, North Carolina",31517
28659,"North Wilkesboro, North Carolina",31465
27873,"Saratoga, North Carolina",31458
28462,"Supply, North Carolina",31442
28167,"Union Mills, North Carolina",31425
28052,"Gastonia, North Carolina",31421
28518,"Beulaville, North Carolina",31319
27889,"Washington, North Carolina",31293
28352,"Laurinburg, North Carolina",31293
28657,"Newland, North Carolina",31288
28525,"Deep Run, North Carolina",31284
28350,"Lakeview, North Carolina",31250
27510,"Carrboro, North Carolina",31220
28555,"Maysville, North Carolina",31164
28734,"Franklin, North Carolina",31145
27014,"Cooleemee, North Carolina",31136
28684,"Todd, North Carolina",31125
28342,"Falcon, North Carolina",31125
27939,"Grandy, North Carolina",31100
28365,"Mount Olive, North Carolina",31100
27932,"Edenton, North Carolina",31045
28403,"Wilmington, North Carolina",31044
28382,"Roseboro, North Carolina",31044
28328,"Clinton, North Carolina",31017
28904,"Hayesville, North Carolina",30985
28617,"Crumpler, North Carolina",30929
28756,"Mill Spring, North Carolina",30922
28395,"Wade, North Carolina",30911
27813,"Black Creek, North Carolina",30893
28669,"Roaring River, North Carolina",30888
28607,"Boone, North Carolina",30876
28456,"Riegelwood, North Carolina",30873
27946,"Hobbsville, North Carolina",30865
28441,"Garland, North Carolina",30852
27885,"Swanquarter, North Carolina",30833
27818,"Como, North Carolina",30750
28580,"Snow Hill, North Carolina",30732
28425,"Burgaw, North Carolina",30722
28330,"Cordova, North Carolina",30658
28586,"Vanceboro, North Carolina",30572
28523,"Cove City, North Carolina",30461
27909,"Elizabeth City, North Carolina",30444
27809,"Battleboro, North Carolina",30423
27892,"Williamston, North Carolina",30409
28723,"Cullowhee, North Carolina",30383
28635,"Hays, North Carolina",30381
27105,"Winston Salem, North Carolina",30356
28307,"Fort Bragg, North Carolina",30343
28753,"Marshall, North Carolina",30310
27356,"Star, North Carolina",30272
28454,"Maple Hill, North Carolina",30222
28698,"Zionville, North Carolina",30147
28399,"White Oak, North Carolina",30107
27536,"Henderson, North Carolina",30101
27288,"Eden, North Carolina",30094
28519,"Bridgeton, North Carolina",30000
28640,"Jefferson, North Carolina",29884
28642,"Jonesville, North Carolina",29874
27242,"Eagle Springs, North Carolina",29839
27816,"Castalia, North Carolina",29764
28077,"High Shoals, North Carolina",29732
28360,"Lumberton, North Carolina",29727
28627,"Glade Valley, North Carolina",29679
28585,"Trenton, North Carolina",29655
28755,"Micaville, North Carolina",29583
28332,"Dublin, North Carolina",29545
28554,"Maury, North Carolina",29531
28345,"Hamlet, North Carolina",29531
27878,"Sharpsburg, North Carolina",29514
27866,"Pleasant Hill, North Carolina",29500
27944,"Hertford, North Carolina",29475
27834,"Greenville, North Carolina",29457
28619,"Drexel, North Carolina",29375
27957,"Merry Hill, North Carolina",29342
28714,"Burnsville, North Carolina",29304
28358,"Lumberton, North Carolina",29275
28432,"Clarendon, North Carolina",29213
28018,"Bostic, North Carolina",29198
27305,"Milton, North Carolina",29196
28726,"East Flat Rock, North Carolina",29157
28611,"Collettsville, North Carolina",29125
28043,"Forest City, North Carolina",29122
27820,"Conway, North Carolina",29012
27202,"Altamahaw, North Carolina",29000
28624,"Ferguson, North Carolina",28967
28719,"Cherokee, North Carolina",28875
28434,"Council, North Carolina",28819
27870,"Roanoke Rapids, North Carolina",28784
28679,"Sugar Grove, North Carolina",28750
27812,"Bethel, North Carolina",28750
28713,"Bryson City, North Carolina",28741
28623,"Ennice, North Carolina",28669
28170,"Wadesboro, North Carolina",28655
28631,"Grassy Creek, North Carolina",28654
28508,"Albertson, North Carolina",28617
28390,"Spring Lake, North Carolina",28616
28379,"Rockingham, North Carolina",28603
28341,"Faison, North Carolina",28561
28905,"Marble, North Carolina",28553
28372,"Pembroke, North Carolina",28515
28398,"Warsaw, North Carolina",28458
28709,"Barnardsville, North Carolina",28438
28383,"Rowland, North Carolina",28430
28386,"Shannon, North Carolina",28378
28343,"Gibson, North Carolina",28352
28438,"Evergreen, North Carolina",28300
28091,"Lilesville, North Carolina",28293
28705,"Bakersville, North Carolina",28269
28906,"Murphy, North Carolina",28211
28693,"Warrensville, North Carolina",28125
27980,"Tyner, North Carolina",28125
28758,"Mountain Home, North Carolina",28125
28675,"Sparta, North Carolina",28119
27027,"Mayodan, North Carolina",28082
28694,"West Jefferson, North Carolina",28072
27801,"Rocky Mount, North Carolina",28068
28644,"Laurel Springs, North Carolina",28036
27826,"Fairfield, North Carolina",28015
27855,"Murfreesboro, North Carolina",28010
28740,"Green Mountain, North Carolina",27925
28351,"Laurel Hill, North Carolina",27885
28772,"Rosman, North Carolina",27857
27840,"Hamilton, North Carolina",27813
27555,"Micro, North Carolina",27679
28420,"Ash, North Carolina",27650
27869,"Rich Square, North Carolina",27647
28466,"Wallace, North Carolina",27624
28208,"Charlotte, North Carolina",27576
28616,"Crossnore, North Carolina",27500
28458,"Rose Hill, North Carolina",27386
28301,"Fayetteville, North Carolina",27371
27982,"Waves, North Carolina",27344
28901,"Andrews, North Carolina",27337
28337,"Elizabethtown, North Carolina",27308
28007,"Ansonville, North Carolina",27212
27917,"Barco, North Carolina",27198
27563,"Norlina, North Carolina",27131
28472,"Whiteville, North Carolina",27105
27827,"Falkland, North Carolina",27083
28119,"Morven, North Carolina",27061
28643,"Lansing, North Carolina",26993
28526,"Dover, North Carolina",26944
27810,"Belhaven, North Carolina",26918
28393,"Turkey, North Carolina",26860
28544,"Midway Park, North Carolina",26792
28771,"Robbinsville, North Carolina",26739
28320,"Bladenboro, North Carolina",26738
27806,"Aurora, North Carolina",26680
27893,"Wilson, North Carolina",26655
28009,"Badin, North Carolina",26635
27967,"Powellsville, North Carolina",26618
28444,"Harrells, North Carolina",26615
28478,"Willard, North Carolina",26607
28377,"Red Springs, North Carolina",26606
28453,"Magnolia, North Carolina",26558
28511,"Atlantic, North Carolina",26550
27857,"Oak City, North Carolina",26500
27845,"Jackson, North Carolina",26354
28447,"Ivanhoe, North Carolina",26277
27401,"Greensboro, North Carolina",26271
27910,"Ahoskie, North Carolina",26234
28515,"Bayboro, North Carolina",26232
28442,"Hallsboro, North Carolina",26083
28325,"Calypso, North Carolina",26023
28340,"Fairmont, North Carolina",26015
27875,"Scranton, North Carolina",25938
27983,"Windsor, North Carolina",25911
27862,"Pendleton, North Carolina",25833
27829,"Fountain, North Carolina",25795
27589,"Warrenton, North Carolina",25767
27962,"Plymouth, North Carolina",25746
28435,"Currie, North Carolina",25727
27871,"Robersonville, North Carolina",25706
28206,"Charlotte, North Carolina",25663
28364,"Maxton, North Carolina",25550
28783,"Tuckasegee, North Carolina",25521
27843,"Hobgood, North Carolina",25329
28338,"Ellerbe, North Carolina",25205
28781,"Topton, North Carolina",25132
27805,"Aulander, North Carolina",25102
27925,"Columbia, North Carolina",25094
28160,"Spindale, North Carolina",25052
27832,"Gaston, North Carolina",25022
28169,"Waco, North Carolina",25000
27985,"Winfall, North Carolina",25000
28384,"Saint Pauls, North Carolina",24979
27260,"High Point, North Carolina",24940
27847,"Kelford, North Carolina",24821
27890,"Weldon, North Carolina",24755
28615,"Creston, North Carolina",24755
27876,"Seaboard, North Carolina",24688
27924,"Colerain, North Carolina",24508
28543,"Tarawa Terrace, North Carolina",24476
28537,"Hobucken, North Carolina",24444
28431,"Chadbourn, North Carolina",24332
27849,"Lewiston Woodville, North Carolina",24310
27839,"Halifax, North Carolina",24306
27101,"Winston Salem, North Carolina",24207
28463,"Tabor City, North Carolina",24044
28743,"Hot Springs, North Carolina",24000
28448,"Kelly, North Carolina",23886
27701,"Durham, North Carolina",23871
27823,"Enfield, North Carolina",23861
27553,"Manson, North Carolina",23826
28501,"Kinston, North Carolina",23808
28430,"Cerro Gordo, North Carolina",23702
27584,"Townsville, North Carolina",23571
27831,"Garysburg, North Carolina",23525
28102,"Mc Farlan, North Carolina",23500
27922,"Cofield, North Carolina",23309
28662,"Pineola, North Carolina",22813
28622,"Elk Park, North Carolina",22468
27824,"Engelhard, North Carolina",22452
27942,"Harrellsville, North Carolina",22371
28552,"Lowland, North Carolina",22361
28401,"Wilmington, North Carolina",22204
27897,"Woodland, North Carolina",22045
28708,"Balsam Grove, North Carolina",22000
27874,"Scotland Neck, North Carolina",21875
27872,"Roxobel, North Carolina",21719
27986,"Winton, North Carolina",21613
28433,"Clarkton, North Carolina",21343
28702,"Almond, North Carolina",21250
28439,"Fair Bluff, North Carolina",21184
28801,"Asheville, North Carolina",20804
28368,"Olivia, North Carolina",20500
28076,"Henrietta, North Carolina",20435
27853,"Margarettsville, North Carolina",20298
28019,"Caroleen, North Carolina",19439
27570,"Ridgeway, North Carolina",19231
27841,"Hassell, North Carolina",19167
27941,"Harbinger, North Carolina",18750
28452,"Longwood, North Carolina",18333
28367,"Norman, North Carolina",18125
27821,"Edward, North Carolina",17857
27506,"Buies Creek, North Carolina",17500
28581,"Stacy, North Carolina",17260
27844,"Hollister, North Carolina",16969
27568,"Pine Level, North Carolina",16875
27601,"Raleigh, North Carolina",16616
28733,"Fontana Dam, North Carolina",13750
27109,"Winston Salem, North Carolina",0
28223,"Charlotte, North Carolina",0